"id","data_publicacao","data_publicacao_gmt","titulo","link","autor","categorias","tags","resumo","imagem_destacada","slug","status","data_coleta","fonte"
"1236275906","2026-06-18T10:32:52","2026-06-18T14:32:52","Chart Rewind: In 2016, Dierks Bentley’s ‘Black’ Eyed No. 1 on Top Country Albums","https://www.billboard.com/music/chart-beat/dierks-bentley-black-number-1-country-albums-chart-rewind-2016-1236275906/","Gary Trust","Chart Beat; Music","Chart Beat; genre country","The project took its title from a song conceived after his 10th wedding anniversary.","https://www.billboard.com/wp-content/uploads/2026/06/dierks-bentley-cma-2016-billboard-1800.jpg","dierks-bentley-black-number-1-country-albums-chart-rewind-2016","publish","2026-06-18T11:35:58-03:00","Billboard"
"1236275214","2026-06-18T10:00:00","2026-06-18T14:00:00","Los Mirlos, Calma Carmona, Afro Dominicano & More Lead Toñita Fest 2026 Lineup","https://www.billboard.com/music/latin/tonita-fest-2026-brooklyn-los-mirlos-calma-carmona-festival-1236275214/","Isabela Raygoza","Latin; Music","genre latin","The free festival returns to Brooklyn for a third year on June 28.","https://www.billboard.com/wp-content/uploads/2026/06/Tonita-Fest-2026-1800.jpg","tonita-fest-2026-brooklyn-los-mirlos-calma-carmona-festival","publish","2026-06-18T11:35:58-03:00","Billboard"
"1236275503","2026-06-18T10:00:00","2026-06-18T14:00:00","PJ Morton Rings in Juneteenth with Sprawling ‘Saturday Night, Sunday Morning’ Double LP: ‘I’ve Been Auditioning for This Album My Whole Life’","https://www.billboard.com/music/features/pj-morton-saturday-night-sunday-morning-album-interview-1236275503/","Kyle-Brandon Denis","Features; Music","genre rb; music","The Grammy-winning cross-genre savant previews his new album.","https://www.billboard.com/wp-content/uploads/2026/06/pj-morton-2026-press-shorefire-cr-Patrick-Melon-billboard-1800.jpg","pj-morton-saturday-night-sunday-morning-album-interview","publish","2026-06-18T11:35:58-03:00","Billboard"
"1236275533","2026-06-18T10:00:00","2026-06-18T14:00:00","Los Mirlos, Calma Carmona, Afro Dominicano y más lideran el cartel de Toñita Fest","https://www.billboard.com/espanol/noticias/tonita-fest-2026-brooklyn-los-mirlos-calma-carmona-y-mas-1236275533/","Sigal Ratner-Arias","Espanol; Noticias","Festival - Español; genre español","El festival gratuito regresa por tercer año a Brooklyn el 28 de junio.","https://www.billboard.com/wp-content/uploads/2026/06/Tonita-Fest-2026-1800.jpg","tonita-fest-2026-brooklyn-los-mirlos-calma-carmona-y-mas","publish","2026-06-18T11:35:58-03:00","Billboard"
"1236275883","2026-06-18T09:30:19","2026-06-18T13:30:19","Jelly Roll Went To North Carolina Hospital Just Before Bunnie XO Divorce News Broke After Battling Sinus Infection on Tour","https://www.billboard.com/music/country/jelly-roll-hospital-sinus-infection-before-bunnie-xo-divorce-1236275883/","Gil Kaufman","Country; Music","genre country; Music News","The singer shared that doctors gave him steroids last week to help him recover and thanked Big Ass Stadium Tour 2 mate Post Malone for sending a “big flower bouquet.”","https://www.billboard.com/wp-content/uploads/2026/06/P105ZWMW-e1781787025156.jpg","jelly-roll-hospital-sinus-infection-before-bunnie-xo-divorce","publish","2026-06-18T11:35:58-03:00","Billboard"
"1236275897","2026-06-18T09:28:48","2026-06-18T13:28:48","Banda Cuisillos regresa al No. 1 de Regional Mexican Airplay después de 19 años con ‘Aunque me duela’","https://www.billboard.com/espanol/noticias/banda-cuisillos-aunque-me-duela-no-1-regional-mexican-airplay-1236275897/","Sigal Ratner-Arias","Espanol; Noticias","Charts - Espanol; genre español; Noticias - Español","La canción marca el primer liderazgo del grupo en la lista desde 2007.","https://www.billboard.com/wp-content/uploads/2026/06/Cuisillos-singleb-Apach-illboard-1800.jpg","banda-cuisillos-aunque-me-duela-no-1-regional-mexican-airplay","publish","2026-06-18T11:35:58-03:00","Billboard"
"1236272894","2026-06-18T09:00:00","2026-06-18T13:00:00","In Light of Oliver Tree’s Fatal Crash, Is It Safe For Musicians to Keep Flying in Helicopters or Small Planes?","https://www.billboard.com/music/music-news/oliver-tree-helicopter-crash-safe-musicians-fly-private-1236272894/","Gil Kaufman","Music; Music News","Dance; genre dance; Music News","The owner of a company that coordinates luxury travel for celebrities tells Billboard that these days, his clients are drilling down on safety details before flying.","https://www.billboard.com/wp-content/uploads/2026/06/2160995423-e1781539642664.jpg","oliver-tree-helicopter-crash-safe-musicians-fly-private","publish","2026-06-18T11:35:58-03:00","Billboard"
"1236275409","2026-06-18T09:00:00","2026-06-18T13:00:00","A la luz del accidente fatal de Oliver Tree, ¿es seguro para músicos seguir viajando en helicópteros o avionetas?","https://www.billboard.com/espanol/noticias/oliver-tree-accidente-fatal-seguro-viajar-helicoptero-1236275409/","Sigal Ratner-Arias","Espanol; Noticias","genre español; Noticias - Español","El propietario de una empresa que organiza viajes de lujo para celebridades dice a Billboard que hoy sus clientes se centran en los detalles de seguridad antes de volar.","https://www.billboard.com/wp-content/uploads/2026/06/2160995423-e1781539642664.jpg","oliver-tree-accidente-fatal-seguro-viajar-helicoptero","publish","2026-06-18T11:35:58-03:00","Billboard"
"1236275856","2026-06-18T08:44:50","2026-06-18T12:44:50","Lil Jon Returned to His Memoir Following Son’s Death to Process Grief and Help Others","https://www.billboard.com/music/rb-hip-hop/lil-jon-returned-memoir-son-nathan-death-process-grief-1236275856/","Gil Kaufman","Music; R&amp;B/Hip-Hop","genre hiphop; Music News","The rapper’s life story, I Only Shout So You Can Hear Me , is due out on Oct. 20.","https://www.billboard.com/wp-content/uploads/2026/06/P115S34X-e1781783043518.jpg","lil-jon-returned-memoir-son-nathan-death-process-grief","publish","2026-06-18T11:35:58-03:00","Billboard"
"1236275846","2026-06-18T07:34:37","2026-06-18T11:34:37","Post Malone, Noah Kahan, Salt-N-Pepa, Shaboozey to Play Macy’s 4th of July Fireworks Special","https://www.billboard.com/music/concerts/macys-4th-july-fireworks-post-malone-noah-kahan-shaboozey-1236275846/","Gil Kaufman","Concerts; Music","4th of july; concert; Music News; television","The NBC broadcast in New York celebrating the nation’s 250th Independence Day will also feature sets from Bebe Rexha and Blake Shelton.","https://www.billboard.com/wp-content/uploads/2026/02/P102KV83-e1771503612984.jpg","macys-4th-july-fireworks-post-malone-noah-kahan-shaboozey","publish","2026-06-18T11:35:58-03:00","Billboard"
"1236275842","2026-06-18T07:00:25","2026-06-18T11:00:25","England Fans Serenade Men’s Team With Epic Oasis Singalong After Thrilling FIFA World Cup Win","https://www.billboard.com/music/music-news/england-fans-serenade-oasis-singalong-wonderwall-world-cup-1236275842/","Thomas Smith","Music; Music News","Billboard UK; genre rock; Music News; world cup","England kicked off their 2026 campaign with a thrilling 4-2 win over Croatia","https://www.billboard.com/wp-content/uploads/2026/03/P10259WC-e1779867904344.jpg","england-fans-serenade-oasis-singalong-wonderwall-world-cup","publish","2026-06-18T11:35:58-03:00","Billboard"
"1236275833","2026-06-18T03:47:06","2026-06-18T07:47:06","‘A Beautiful Man’: Post Malone Dedicates Toronto Concert to Oliver Tree","https://www.billboard.com/music/music-news/post-malone-dedicates-toronto-concert-oliver-tree-1236275833/","Lars Brandle","Music; Music News","bbnews; Dance; genre dance","“I feel like tonight will be, for me, a celebration of the life of an absolutely beautiful, beautiful man,” Posty says of the late artist.","https://www.billboard.com/wp-content/uploads/2026/06/2160995423-e1781539642664.jpg","post-malone-dedicates-toronto-concert-oliver-tree","publish","2026-06-18T11:35:58-03:00","Billboard"
"1236275822","2026-06-18T02:43:45","2026-06-18T06:43:45","Tom Dreesen, Comedian Who Toured With Frank Sinatra, Dies at 86","https://www.billboard.com/music/music-news/tom-dreesen-comedian-toured-frank-sinatra-dead-86-1236275822/","Lars Brandle","Music; Music News","bbnews; obituary","For 13 years, Dreesen toured the United States as the opening act for Frank Sinatra, and formed a line-long friendship with Ol’ Blue Eyes.","https://www.billboard.com/wp-content/uploads/2026/06/P1145BSH-e1781764337395.jpg","tom-dreesen-comedian-toured-frank-sinatra-dead-86","publish","2026-06-18T11:35:58-03:00","Billboard"
"1236275797","2026-06-18T01:18:17","2026-06-18T05:18:17","Marcello Hernandez Confesses to Rosalía at Madison Square Garden: ‘I Committed a Crime for This Lady’","https://www.billboard.com/music/latin/marcello-hernandez-confesses-rosalia-nyc-msg-lux-tour-1236275797/","Sigal Ratner-Arias","Latin; Music","genre latin; tour","The SNL comedian stopped by the Spanish star’s confessional on the second night of the LUX Tour in New York City.","https://www.billboard.com/wp-content/uploads/2026/03/rosalia-cr-sharon-lopez-2026-billboard-1800.jpg","marcello-hernandez-confesses-rosalia-nyc-msg-lux-tour","publish","2026-06-18T11:35:58-03:00","Billboard"
"1236275801","2026-06-18T01:12:18","2026-06-18T05:12:18","G Flip’s ‘Bed On Fire’ Tour Will Rage Through North America This Summer","https://www.billboard.com/music/pop/g-flips-bed-on-fire-tour-north-america-2026-summer-1236275801/","Lars Brandle","Music; Pop","bbnews; pride","G’s latest trek gets underway Aug. 4 at New York City’s Bowery Ballroom, and will include dates in Boston, Toronto, Chicago, Los Angeles, Seattle, Nashville, and elsewhere.","https://www.billboard.com/wp-content/uploads/2026/06/g-flip-2026-1800-cr-nazrin-massaro.jpg","g-flips-bed-on-fire-tour-north-america-2026-summer","publish","2026-06-18T11:35:58-03:00","Billboard"
"1236275791","2026-06-18T00:40:52","2026-06-18T04:40:52","Marcello Hernandez se confiesa con Rosalía en el Madison Square Garden: ‘Hice un crimen por esta dama’","https://www.billboard.com/espanol/noticias/marcello-hernandez-se-confiesa-con-rosalia-en-nueva-york-1236275791/","Sigal Ratner-Arias","Espanol; Noticias","genre español; Giras - Español","El comediante de SNL pasó por el confesionario de la estrella española en la segunda noche del LUX Tour en Nueva York.","https://www.billboard.com/wp-content/uploads/2026/03/rosalia-cr-sharon-lopez-2026-billboard-1800.jpg","marcello-hernandez-se-confiesa-con-rosalia-en-nueva-york","publish","2026-06-18T11:35:58-03:00","Billboard"
"1236275784","2026-06-17T23:21:18","2026-06-18T03:21:18","‘We Get Along Just Fine’: The Police’s Stewart Copeland Talks Relationship With Sting, Band Dynamics and Being ‘Fully Retired’ From Music","https://www.billboard.com/music/music-news/the-police-stewart-copeland-sting-fully-retired-from-music-1236275784/","Lars Brandle","Music; Music News","bbnews; genre rock","“We get along great as long as we’re not trying to make music together,” Copeland says of his former bandmate Sting.","https://www.billboard.com/wp-content/uploads/2026/06/P10X23N-e1781751296763.jpg","the-police-stewart-copeland-sting-fully-retired-from-music","publish","2026-06-18T11:35:58-03:00","Billboard"
"1236275775","2026-06-17T23:00:00","2026-06-18T03:00:00","Alexandria Signs With Warner Music Australia, Warner Records: Exclusive","https://www.billboard.com/pro/alexandria-signs-warner-music-australia-warner-records/","Lars Brandle","Business; Record Labels","bbnews; genre pop; warner","To celebrate her major label deal, Alexandria drops the new track “Justice,” a cinematic pop story told with strings and snares","https://www.billboard.com/wp-content/uploads/2026/06/alexandria-1800-2026.jpg","alexandria-signs-warner-music-australia-warner-records","publish","2026-06-18T11:35:58-03:00","Billboard"
"1236275697","2026-06-17T19:26:29","2026-06-17T23:26:29","Russell Simmons Must Face Def Jam Exec’s Rape Lawsuit Despite Living in Indonesia, Judge Rules","https://www.billboard.com/pro/russell-simmons-must-face-def-jam-exec-rape-lawsuit-judge/","Rachel Scharf","Business; Legal News","lawsuit; Legal; Music News","Persistence seems to be paying off for the anonymous accuser, who refiled her claims in state court after a prior federal lawsuit was dismissed.","https://www.billboard.com/wp-content/uploads/2026/06/527805440-e1781734416151.jpg","russell-simmons-must-face-def-jam-exec-rape-lawsuit-judge","publish","2026-06-18T11:35:58-03:00","Billboard"
"1236275685","2026-06-17T19:18:58","2026-06-17T23:18:58","Vince Staples Addresses Theory That ‘Cry Baby’ Artwork Represents Donald Trump: ‘I See a Lot of Conversation’","https://www.billboard.com/music/rb-hip-hop/vince-staples-cry-baby-album-artwork-donald-trump-1236275685/","Angel Diaz","Music; R&amp;B/Hip-Hop","genre hiphop; Music News","The Long Beach rapper and actor’s latest offering has sparked conversation online about its sound and message.","https://www.billboard.com/wp-content/uploads/2026/06/P10IS1W.jpg","vince-staples-cry-baby-album-artwork-donald-trump","publish","2026-06-18T11:35:58-03:00","Billboard"
"1236275665","2026-06-17T18:59:54","2026-06-17T22:59:54","Cuisillos Complete Comeback to No. 1 on Regional Mexican Airplay With ‘Aunque Me Duela’","https://www.billboard.com/music/chart-beat/cuisillos-aunque-me-duela-regional-mexican-airplay-chart-1236275665/","Pamela Bustios","Chart Beat; Music","BBLatin; billboard charts; genre latin; Music News","“Aunque Me Duela” tops the chart, marking the act’s first leader since 2007.","https://www.billboard.com/wp-content/uploads/2026/06/Cuisillos-singleb-Apach-illboard-1800.jpg","cuisillos-aunque-me-duela-regional-mexican-airplay-chart","publish","2026-06-18T11:35:58-03:00","Billboard"
"1236275651","2026-06-17T18:02:25","2026-06-17T22:02:25","YEONJUN of TOMORROW X TOGETHER to Show a ‘More Personal Side’ of Himself on 2nd Solo Album","https://www.billboard.com/music/music-news/tomorrow-x-together-yeonjun-second-solo-album-release-date-1236275651/","Hannah Dailey","Music; Music News","genre kpop; Music News","The project will serve as a follow-up to 2025’s NO LABELS: PART 01.","https://www.billboard.com/wp-content/uploads/2026/06/YEONJUN-txt-screenshot-billboard-1800.jpg","tomorrow-x-together-yeonjun-second-solo-album-release-date","publish","2026-06-18T11:35:58-03:00","Billboard"
"1236275074","2026-06-17T17:38:00","2026-06-17T21:38:00","Apple TV Deal: Here’s How to Save More Than 50% Off a Streaming Subscription","https://www.billboard.com/culture/product-recommendations/apple-tv-streaming-deals-prime-day-online-1236275074/","Rudie Obias","Culture; Product Recommendations","apple tv; NOADS; Prime Day; Product Recommendations; streaming deals","Watch Widow’s Bay , Severance , Ted Lasso and original music programming for just $5.99 per month (regularly $12.99 per month).","https://www.billboard.com/wp-content/uploads/2024/10/Apple-TV-logo-24-a-billboard-1548.jpg","apple-tv-streaming-deals-prime-day-online","publish","2026-06-18T11:35:58-03:00","Billboard"
"1236275553","2026-06-17T17:31:01","2026-06-17T21:31:01","Fat Joe Reveals Plans for Star-Studded Hip-Hop Float With Wu-Tang Clan, Mary J. Blige, The LOX & More at New York Knicks Parade","https://www.billboard.com/music/rb-hip-hop/fat-joe-knicks-parade-float-1236275553/","Michael Saponara","Music; R&amp;B/Hip-Hop","genre hiphop; Music News; sports","Joey Crack also teased appearances from Fabolous, Q-Tip and Ja Rule.","https://www.billboard.com/wp-content/uploads/2026/06/2273623551-e1781728102110.jpg","fat-joe-knicks-parade-float","publish","2026-06-18T11:35:58-03:00","Billboard"
"1236275587","2026-06-17T17:24:33","2026-06-17T21:24:33","Olivia Rodrigo Sensed ‘Spirits’ in Palace of Versailles While Filming ‘Drop Dead’ Video: ‘A Little Creepy’","https://www.billboard.com/music/music-news/olivia-rodrigo-felt-spirits-palace-versailles-video-shoot-1236275587/","Hannah Dailey","Music; Music News","genre pop; Music News","“If I was a ghost I’d probably want to haunt the halls of Versailles,” she conceded.","https://www.billboard.com/wp-content/uploads/2026/06/P102R37G-e1781728896428.jpg","olivia-rodrigo-felt-spirits-palace-versailles-video-shoot","publish","2026-06-18T11:35:58-03:00","Billboard"
"1236275615","2026-06-17T17:10:11","2026-06-17T21:10:11","Melissa Etheridge Exemplifies Why CMA Fest Attracts Artists From Beyond Country","https://www.billboard.com/music/country/country-update-melissa-etheridge-at-cma-fest-1236275615/","Ariel King","Country; Music","cma fest; genre country; Music News","In this week’s Country Update lead story, the country singer talks about her 30-minute set on the festival’s Dr. Pepper Amp Stage.","https://www.billboard.com/wp-content/uploads/2026/06/Melissa-Etheridge-Getty-Billboard-1800.jpg","country-update-melissa-etheridge-at-cma-fest","publish","2026-06-18T11:35:58-03:00","Billboard"
"1236275594","2026-06-17T17:08:24","2026-06-17T21:08:24","Which New York Songs Are Getting the Biggest Bumps From the Knicks’ Championship Win?","https://www.billboard.com/music/chart-beat/new-york-knicks-championship-songs-world-cup-trending-up-1236275594/","Andrew Unterberger","Chart Beat; Music","Trending Up","This week’s Trending Up looks at the songs gaining the most from New York’s basketball win and the World Cup kickoff, as well as the catalog of the tragically late Oliver Tree.","https://www.billboard.com/wp-content/uploads/2026/06/Jay-Z-Alicia-Keys-Crop.jpg","new-york-knicks-championship-songs-world-cup-trending-up","publish","2026-06-18T11:35:58-03:00","Billboard"
"1236274936","2026-06-17T16:47:52","2026-06-17T20:47:52","New York Knicks Championship Parade 2026: How to Watch the Citywide Celebration Live Online","https://www.billboard.com/culture/product-recommendations/new-york-knicks-championship-parade-2026-watch-live-online-free-1236274936/","Rudie Obias","Culture; Product Recommendations","basketball; how to watch; nba; NOADS; Product Recommendations; sports","New York City celebrates the Knicks with a ticker-tape parade in the “Canyon of Heroes” on Thursday (June 18) — watch without cable for free.","https://www.billboard.com/wp-content/uploads/2026/06/NBA-NY-Knicks-Championship-Parade-Getty-Billboard-1548.jpg","new-york-knicks-championship-parade-2026-watch-live-online-free","publish","2026-06-18T11:35:58-03:00","Billboard"
"1236275413","2026-06-17T16:33:11","2026-06-17T20:33:11","Gracie Abrams Reveals ‘Daughter From Hell’ Album Tracklist","https://www.billboard.com/music/rb-hip-hop/gracie-abrams-daughter-from-hell-tracklist-1236275413/","Michael Saponara","Music; R&amp;B/Hip-Hop","genre hiphop; Music News","Abrams called the LP her “favorite music” she’s ever made.","https://www.billboard.com/wp-content/uploads/2026/06/2266701061-e1781722709492.jpg","gracie-abrams-daughter-from-hell-tracklist","publish","2026-06-18T11:35:58-03:00","Billboard"
"1236274817","2026-06-17T16:12:17","2026-06-17T20:12:17","Here’s How to Watch Las Culturistas Culture Awards 2026 Online for Free","https://www.billboard.com/culture/product-recommendations/las-culturistas-culture-awards-2026-watch-stream-online-1236274817/","Rudie Obias","Culture; Product Recommendations","Awards; Bowen Yang; bravo; how to watch; Las Culturistas; NOADS; peacock; Product Recommendations","The fifth annual parody awards show, hosted by Bowen Yang and Matt Rogers, airs on Wednesday (June 17) — watch online for free.","https://www.billboard.com/wp-content/uploads/2026/06/Las-Culturistas-Culture-Awards-Bowen-Yang-Matt-Rogers-Billboard-1548.jpg","las-culturistas-culture-awards-2026-watch-stream-online","publish","2026-06-18T11:35:58-03:00","Billboard"
"1236275414","2026-06-17T16:07:57","2026-06-17T20:07:57","Lost Harpo Marx Recording From 1964 Debuts on Billboard Classical Charts","https://www.billboard.com/pro/harpo-marx-1964-recording-classical-charts/","Alex Vitoulis","Chart Beat; Music","genre comedy; Music News","The legendary late comic’s set with the Riverside Symphony arrives on two tallies.","https://www.billboard.com/wp-content/uploads/2026/06/harpo-marx-2026-Frank-Bez-billboard-1800.jpg","harpo-marx-1964-recording-classical-charts","publish","2026-06-18T11:35:58-03:00","Billboard"
"1236274862","2026-06-17T15:58:43","2026-06-17T19:58:43","Stem Co-CEOs Talk Concord Acquisition & Why Distribution Has Become So Competitive","https://www.billboard.com/pro/stem-co-ceos-concord-acquisition-sale-bmg-interview/","Kristin Robinson","Business; Record Labels","bmg; Concord; Distribution; interview; Music News; Stem","Milana Lewis and Kristin Graziani explain why they chose Concord, and how Stem is competing in an era where retaining deals is harder than ever.","https://www.billboard.com/wp-content/uploads/2026/06/L-R-Milana-Rabkin-Lewis-Kristin-Graziani-Billboard-Women-in-Music-2025-billboard-1800.jpg","stem-co-ceos-concord-acquisition-sale-bmg-interview","publish","2026-06-18T11:35:58-03:00","Billboard"
"1236275348","2026-06-17T14:56:28","2026-06-17T18:56:28","Carlos Vives & Silvestre Dangond Bring Rhythm to Colombia’s World Cup 2026 Debut in Mexico","https://www.billboard.com/music/latin/carlos-vives-silvestre-dangond-colombia-mexico-world-cup-2026-1236275348/","Sigal Ratner-Arias","Latin; Music","genre latin; world cup","The lineup for the vallenato party at the GNP Seguros Stadium also included ChocQuibTown.","https://www.billboard.com/wp-content/uploads/2026/06/Carlos-Vives-Silvestre-Dangond-cr-Jose-Jorge-Carreon-billboard-1800.jpg","carlos-vives-silvestre-dangond-colombia-mexico-world-cup-2026","publish","2026-06-18T11:35:58-03:00","Billboard"
"1236275275","2026-06-17T14:41:39","2026-06-17T18:41:39","Olivia Wilde Says Relationship With Harry Styles Was ‘Wholesome & Sweet’ Despite ‘Parasocial’ Backlash","https://www.billboard.com/music/music-news/olivia-wilde-harry-styles-romance-sweet-backlash-1236275275/","Hannah Dailey","Music; Music News","genre pop; lifestyle; Music News","“I would go to his shows and dance, and people were like, ‘Oh, how could she?'” she recalled.","https://www.billboard.com/wp-content/uploads/2026/06/olivia-wilde-call-her-daddy-screenshot-billboard-1800.jpg","olivia-wilde-harry-styles-romance-sweet-backlash","publish","2026-06-18T11:35:58-03:00","Billboard"
"1236275354","2026-06-17T14:32:27","2026-06-17T18:32:27","‘Tu Cárcel’ 40 años después: El clásico de Los Bukis versus la renovada versión de Morat","https://www.billboard.com/espanol/musica/tu-carcel-los-bukis-morat-comparacion-1236275354/","Jessica Roiz","Espanol; Música","genre español","Billboard compara las versiones de 1986 y 2026. Descubre las diferencias.","https://www.billboard.com/wp-content/uploads/2026/06/morat-cr-amanda-imm-press-billboard-1800.jpg","tu-carcel-los-bukis-morat-comparacion","publish","2026-06-18T11:35:58-03:00","Billboard"
"1236275176","2026-06-17T14:20:03","2026-06-17T18:20:03","‘Tu Cárcel,’ 40 Years Later: Los Bukis’ Classic vs. Morat’s Revamped Version","https://www.billboard.com/music/latin/tu-carcel-los-bukis-morat-comparison-1236275176/","Jessica Roiz","Latin; Music","genre latin","Billboard compares the 1986 and 2026 versions to compare what’s different.","https://www.billboard.com/wp-content/uploads/2026/06/morat-cr-amanda-imm-press-billboard-1800.jpg","tu-carcel-los-bukis-morat-comparison","publish","2026-06-18T11:35:58-03:00","Billboard"
"1236275251","2026-06-17T14:08:52","2026-06-17T18:08:52","Alicia Keys to Perform ‘Empire State of Mind’ at New York Knicks Championship Parade","https://www.billboard.com/music/rb-hip-hop/alicia-keys-empire-state-of-mind-knicks-parade-1236275251/","Michael Saponara","Music; R&amp;B/Hip-Hop","basketball; genre hiphop; genre pop; Music News; sports","“This is my city and the city’s on fire,” Keys said.","https://www.billboard.com/wp-content/uploads/2026/06/2271706514-e1781716688207.jpg","alicia-keys-empire-state-of-mind-knicks-parade","publish","2026-06-18T11:35:58-03:00","Billboard"
"1236275241","2026-06-17T14:00:17","2026-06-17T18:00:17","How the World Cup Is Impacting the North American Touring Market","https://www.billboard.com/pro/how-world-cup-impacting-north-american-touring-market/","Ariel King","Business; Touring","Jbeau Lewis; Music News; Omar Al-Joulani; world cup","With many major stadiums going dark due to the FIFA World Cup, touring professionals have needed to get creative with their summer routing.","https://www.billboard.com/wp-content/uploads/2026/06/FIFA-Getty-Billboard-1800.jpg","how-world-cup-impacting-north-american-touring-market","publish","2026-06-18T11:35:58-03:00","Billboard"
"1236275266","2026-06-17T13:57:34","2026-06-17T17:57:34","‘Chaos Benefits No One’: Major Labels Ask Supreme Court to Overturn ‘Disruptive’ Copyright Ruling","https://www.billboard.com/pro/major-labels-ask-supreme-court-to-overturn-copyright-ruling/","Bill Donahue","Business; Legal News","Catalog; Copyright; Legal News; Music News; Supreme Court; termination rights","A novel ruling on copyright termination has “unsettled 50 years of industry practice,” the labels told the justices.","https://www.billboard.com/wp-content/uploads/2026/06/2278635294-e1781717606860.jpg","major-labels-ask-supreme-court-to-overturn-copyright-ruling","publish","2026-06-18T11:35:58-03:00","Billboard"
"1236201463","2026-06-17T13:45:20","2026-06-17T17:45:20","Paramount+ Deal: How to Save Up to 93% Off A Streaming Subscription","https://www.billboard.com/culture/product-recommendations/paramount-plus-limited-time-streaming-deal-1236201463/","Rudie Obias","Culture; Product Recommendations","Deals; NOADS; paramount plus; Prime Day; Product Recommendations; streaming","Ahead of Prime Day, you can sign up for Paramount+ for just $0.99 per month for a limited time.","https://www.billboard.com/wp-content/uploads/2026/06/Paramount-Plus-Logo-Streaming-Getty-Billboard-1548.jpg","paramount-plus-limited-time-streaming-deal","publish","2026-06-18T11:35:58-03:00","Billboard"
"1236275261","2026-06-17T13:37:24","2026-06-17T17:37:24","Carlos Vives y Silvestre Dangond ponen ritmo al debut de la Selección Colombiana en la Copa Mundial 2026","https://www.billboard.com/espanol/musica/carlos-vives-silvestre-dangond-colombia-mexico-copa-mundial-2026-1236275261/","Sigal Ratner-Arias","Espanol; Música","Colombia - Español; Copa Mundial - Espanol; genre español; México - Español","El cartel de la fiesta vallenata en el Estadio GNP Seguros en Ciudad de México también incluyó a ChocQuibTown.","https://www.billboard.com/wp-content/uploads/2026/06/Carlos-Vives-Silvestre-Dangond-cr-Jose-Jorge-Carreon-billboard-1800.jpg","carlos-vives-silvestre-dangond-colombia-mexico-copa-mundial-2026","publish","2026-06-18T11:35:58-03:00","Billboard"
"7408809","2026-06-17T13:35:54","2026-06-17T17:35:54","Chart Rewind: In 2006, Shakira’s ‘Hips Don’t Lie’ Hit No. 1 on the Hot 100","https://www.billboard.com/pro/shakira-wyclef-jean-hips-dont-lie-chart-rewind-2006/","Joe Lynch","Chart Beat; Music","Chart Beat; genre latin","Convinced that it was a career changer, Shakira persuaded Sony to rerelease her album with the single added.","https://www.billboard.com/wp-content/uploads/media/shakira-bb16-coda-2016-billboard-1548.jpg","shakira-wyclef-jean-hips-dont-lie-chart-rewind-2006","publish","2026-06-18T11:35:58-03:00","Billboard"
"1235579000","2026-06-17T12:56:00","2026-06-17T16:56:00","Billboard’s Music Industry Events Calendar","https://www.billboard.com/pro/music-industry-events-calendar-festivals-awards-conferences/","Colin Stutz","Business; Business News","billboard pro; conferences; Events; festivals; Touring","A complete rundown of the most important events across the music business.","https://www.billboard.com/wp-content/uploads/2024/04/Events-calendar-2024-billboard-1548.jpg","music-industry-events-calendar-festivals-awards-conferences","publish","2026-06-18T11:35:58-03:00","Billboard"
"1236275243","2026-06-17T12:55:27","2026-06-17T16:55:27","Victoria Monét Lands Third Straight Adult R&B Airplay No. 1 With ‘Let Me’","https://www.billboard.com/music/chart-beat/victoria-monet-let-me-number-1-adult-rb-airplay-radio-chart-1236275243/","Trevor Anderson","Chart Beat; Music","Chart Beat; genre rb; Music News","The Grammy winner is the first woman to link three leaders in more than a year.","https://www.billboard.com/wp-content/uploads/2026/02/victoria-monet-press-billboard-1800_8d24ac.jpg","victoria-monet-let-me-number-1-adult-rb-airplay-radio-chart","publish","2026-06-18T11:35:58-03:00","Billboard"
"1236275140","2026-06-17T12:47:52","2026-06-17T16:47:52","Lil Nas X Shares Emotional Update About Mental Health & New Music: ‘There’s Less Fear in My Heart’","https://www.billboard.com/music/music-news/lil-nas-x-mental-health-update-teases-new-music-1236275140/","Hannah Dailey","Music; Music News","genre hiphop; mental health; Music News; pride","The rapper says he’s spent the past few months in rehab and at home with friends and family after his arrest.","https://www.billboard.com/wp-content/uploads/2026/06/lil-nas-x-march-2025-billboard-1800.jpg","lil-nas-x-mental-health-update-teases-new-music","publish","2026-06-18T11:35:58-03:00","Billboard"
"1236274837","2026-06-17T12:25:44","2026-06-17T16:25:44","Finneas Talks ‘Beef,’ Billie Eilish and the Evolution of the Record Producer","https://www.billboard.com/music/pop/billboard-on-the-record-finneas-beef-billie-eilish-1236274837/","Kristin Robinson","Music; Pop","Billboard On The Record; Music News; Pop; producer","On Billboard On the Record, Finneas explains how the role of a music producer has changed over time — and how he’s seen his own process evolve as well.","https://www.billboard.com/wp-content/uploads/2026/03/finneas-press-cr-Dennis-Leupold-2026-billboard-1800.jpg","billboard-on-the-record-finneas-beef-billie-eilish","publish","2026-06-18T11:35:58-03:00","Billboard"
"1236274861","2026-06-17T12:20:56","2026-06-17T16:20:56","Nicki Minaj Explains Why She Wishes She Could Go Back & Change a Lot of Her Old Lyrics","https://www.billboard.com/music/rb-hip-hop/nicki-minaj-change-old-lyrics-1236274861/","Michael Saponara","Music; R&amp;B/Hip-Hop","genre hiphop; Music News","The rapper went deep about her faith and its connection to her career during a podcast interview.","https://www.billboard.com/wp-content/uploads/2026/06/2171021508-e1781709274827.jpg","nicki-minaj-change-old-lyrics","publish","2026-06-18T11:35:58-03:00","Billboard"
"1236275173","2026-06-17T12:10:42","2026-06-17T16:10:42","Tucker Wetmore Signs With Sandbox Entertainment for Management","https://www.billboard.com/pro/tucker-wetmore-signs-sandbox-entertainment-management/","Melinda Newman","Country; Music","genre country; jason owen; Music News; Sandbox Entertainment Group","The rising country star recently scored his first No. 1 on Billboard’s Country Airplay chart with “Brunette.”","https://www.billboard.com/wp-content/uploads/2026/01/P103ICBD-e1768322298699.jpg","tucker-wetmore-signs-sandbox-entertainment-management","publish","2026-06-18T11:35:58-03:00","Billboard"
"1236275120","2026-06-17T12:06:48","2026-06-17T16:06:48","RIIZE on the Freedom, Confidence & Forward Motion Behind <em>II</em>","https://www.billboard.com/music/pop/riize-new-album-ii-freedom-confidence-forward-motion-interview-1236275120/","Anna Chan","Music; Pop","genre kpop; Music News","The group reflects on growth, global stages and the emotional pop identity that continues to shape its sound.","https://www.billboard.com/wp-content/uploads/2026/06/riize-sm-entertainment-billboard-1800.jpg","riize-new-album-ii-freedom-confidence-forward-motion-interview","publish","2026-06-18T11:35:58-03:00","Billboard"
"1236275061","2026-06-17T11:57:33","2026-06-17T15:57:33","Jelly Roll’s Daughter Bailee Says She’s ‘Disgusted’ by Public Interest in His Divorce From Bunnie Xo","https://www.billboard.com/music/music-news/jelly-roll-bunnie-xo-divorce-daughter-bailee-ann-speaks-out-1236275061/","Hannah Dailey","Music; Music News","genre country; lifestyle; Music News","The teenager called her dad and stepmom’s split “a very clearly private family matter.”","https://www.billboard.com/wp-content/uploads/2026/06/2150375881-e1781708189599.jpg","jelly-roll-bunnie-xo-divorce-daughter-bailee-ann-speaks-out","publish","2026-06-18T11:35:58-03:00","Billboard"
"1236275006","2026-06-17T11:06:13","2026-06-17T15:06:13","Niall Horan Achieves His Fourth No. 1 on Top Album Sales Chart With ‘Dinner Party’","https://www.billboard.com/music/chart-beat/niall-horan-dinner-party-number-1-top-album-sales-chart-1236275006/","Keith Caulfield","Chart Beat; Music","Chart Beat; genre pop; Music News","Plus, Malcolm Todd, Evanescence, Death Cab for Cutie, The Red Clay Strays and Modest Mouse bow in the top 10.","https://www.billboard.com/wp-content/uploads/2026/06/Niall-Horan-Press-2026-Billboard-1800.jpg","niall-horan-dinner-party-number-1-top-album-sales-chart","publish","2026-06-18T11:35:58-03:00","Billboard"
"1236274993","2026-06-17T11:03:00","2026-06-17T15:03:00","Walter Parazaider, Founding Member of Chicago, Dead at 81 Following Battle With Alzheimer’s","https://www.billboard.com/music/music-news/chicago-walter-parazaider-death-sax-player-dead-obituary-1236274993/","Hannah Dailey","Music; Music News","genre rock; Music News; obituary","The musician’s wife, JacLynn, was by his side.","https://www.billboard.com/wp-content/uploads/2026/06/519937354-e1781705705416.jpg","chicago-walter-parazaider-death-sax-player-dead-obituary","publish","2026-06-18T11:35:58-03:00","Billboard"
"1236274914","2026-06-17T10:00:00","2026-06-17T14:00:00","How A Shattered Elbow, Liz Phair and ‘Philly Malarkey’ Shaped Sad13’s New Mixtape Of Hypershort Songs","https://www.billboard.com/music/rock/sad13-sadie-dupuis-1331-mixtape-interview-1236274914/","Eric Renner Brown","Music; Rock","genre rock; Music News","No song on 1331 , the first release by Speedy Ortiz leader Sadie Dupuis’ solo project since 2020, cracks two minutes.","https://www.billboard.com/wp-content/uploads/2026/06/Sad13-cr-Sadie-Dupuis-billboard-1800.jpg","sad13-sadie-dupuis-1331-mixtape-interview","publish","2026-06-18T11:35:58-03:00","Billboard"
"1236274935","2026-06-17T09:16:16","2026-06-17T13:16:16","Noah Kahan a Bit Divided Over the Kidz Bop Lyric Edits of ‘The Great Divide’: ‘Such a Specific Choice’","https://www.billboard.com/music/pop/noah-kahan-reaction-kidz-bop-lyric-edits-the-great-divide-1236274935/","Gil Kaufman","Music; Pop","genre pop; KIDZ BOP; Music News","Out with worrying about cops and cigarette burns and in with hanging with 5-0 and rug burns.","https://www.billboard.com/wp-content/uploads/2026/05/P104SV1W-e1777648431460.jpg","noah-kahan-reaction-kidz-bop-lyric-edits-the-great-divide","publish","2026-06-18T11:35:58-03:00","Billboard"
"1236272788","2026-06-17T08:30:37","2026-06-17T12:30:37","Little Mix’s Perrie Edwards Posts Stunning Photos of Wedding To Soccer Star Alex Oxlade-Chamberlain in Portugal","https://www.billboard.com/music/pop/little-mix-perrie-edwards-wedding-alex-oxlade-chamberlain-pics-1236272788/","Gil Kaufman","Music; Pop","genre pop; Music News; wedding","The couple got engaged in 2022 and share two children, son Axel, 4 and daughter Alanis, who was born in January.","https://www.billboard.com/wp-content/uploads/2026/06/2188236671-e1781523927172.jpg","little-mix-perrie-edwards-wedding-alex-oxlade-chamberlain-pics","publish","2026-06-18T11:35:58-03:00","Billboard"
"1236274425","2026-06-17T08:00:00","2026-06-17T12:00:00","Howie D Embraces His Puerto Rican Roots in ‘Coqui’: ‘I’ve Held Myself Back, But Now is the Time’","https://www.billboard.com/music/latin/howie-dorough-coqui-video-premiere-exclusive-interview-1236274425/","Jessica Roiz","Latin; Music","genre latin","Amid the Backstreet Boys’ residency at The Sphere, Howie Dorough debuts his solo, Spanish-language single exclusively below.","https://www.billboard.com/wp-content/uploads/2026/06/howie-dorough-cr-abez-media-press-billboard-1800.jpg","howie-dorough-coqui-video-premiere-exclusive-interview","publish","2026-06-18T11:35:58-03:00","Billboard"
"1236274644","2026-06-17T08:00:00","2026-06-17T12:00:00","Howie D abraza sus raíces puertorriqueñas en ‘Coqui’: ‘Me contuve, pero ahora es el momento’","https://www.billboard.com/espanol/musica/howie-dorough-coqui-video-exclusiva-entrevista-1236274644/","Jessica Roiz","Espanol; Música","genre español","Mientras los Backstreet Boys realizan una residencia en el Sphere, Howie Dorough estrena su sencillo en español en solitario, exclusivamente a continuación.","https://www.billboard.com/wp-content/uploads/2026/06/howie-dorough-cr-abez-media-press-billboard-1800.jpg","howie-dorough-coqui-video-exclusiva-entrevista","publish","2026-06-18T11:35:58-03:00","Billboard"
"1236274918","2026-06-17T07:51:38","2026-06-17T11:51:38","Obama Presidential Center Grand Opening to Feature Stevie Wonder, Bono, Bruce Springsteen, Eddie Vedder, Tems, The Roots & More","https://www.billboard.com/music/music-news/obama-presidential-center-opening-lineup-bono-springsteen-1236274918/","Gil Kaufman","Music; Music News","concert; Music News","Thursday’s (June 18) all-star livestream event will also feature Jennifer Hudson, John Legend and Marc Anthony.","https://www.billboard.com/wp-content/uploads/2026/06/P1068OUE-e1781695136870.jpg","obama-presidential-center-opening-lineup-bono-springsteen","publish","2026-06-18T11:35:58-03:00","Billboard"
"1236274909","2026-06-17T06:45:37","2026-06-17T10:45:37","Harry Styles Covers Simon & Garfunkel and Reimagines Deep Cuts at Intimate Meltdown Festival Set in London","https://www.billboard.com/music/pop/harry-styles-meltdown-festival-concert-setlist-1236274909/","Thomas Smith","Music; Pop","Billboard UK; genre pop; Music News","Styles is the curator of the 2026 edition of the festival.","https://www.billboard.com/wp-content/uploads/2026/06/Harry-Styles-Meltdown-Julian-Bajsel-2026-Billboard-1800.jpg","harry-styles-meltdown-festival-concert-setlist","publish","2026-06-18T11:35:58-03:00","Billboard"
"1236274902","2026-06-17T04:54:45","2026-06-17T08:54:45","Amy Mackie Promoted to Managing Director, Ticketing at TEG","https://www.billboard.com/pro/amy-mackie-promoted-managing-director-ticketing-teg/","Lars Brandle","Business","bbnews","With her appointment, Mackie becomes a member of TEG’s executive committee and reports to Hoy.","https://www.billboard.com/wp-content/uploads/2023/02/teg-logo-1548.jpg","amy-mackie-promoted-managing-director-ticketing-teg","publish","2026-06-18T11:35:58-03:00","Billboard"
"1236274882","2026-06-17T04:20:53","2026-06-17T08:20:53","Robbie Williams Signs With WME for Worldwide Representation","https://www.billboard.com/pro/robbie-williams-wme-worldwide-representation/","Lars Brandle","Business; Business News","bbnews; WME","The former Take That singer joins WME after his move to the ATC Management roster.","https://www.billboard.com/wp-content/uploads/2026/01/P10VYQE-e1769185319855.jpg","robbie-williams-wme-worldwide-representation","publish","2026-06-18T11:35:58-03:00","Billboard"
"1236274872","2026-06-17T03:12:07","2026-06-17T07:12:07","‘Extraordinary Success’: Vivid Sydney 2026 Wraps After Rare Set by Eddy Current Suppression Ring","https://www.billboard.com/pro/vvid-sydney-2026-wraps-eddy-current-suppression-ring/","Lars Brandle","Business; Touring","bbnews; sydney","Sixteen years have passed since ECSR worked their homebaked brand of punk rock on Sydney crowds. That damned drought came to an end at Vivid Sydney 2026.","https://www.billboard.com/wp-content/uploads/2026/06/eddy-current-supression-ring-1800-2026-vivid-live-tumbalong-park-cr-destination-nsw.jpg","vvid-sydney-2026-wraps-eddy-current-suppression-ring","publish","2026-06-18T11:35:58-03:00","Billboard"
"1236270212","2026-06-17T01:10:14","2026-06-17T05:10:14","Isaac Atkins, Army Sergeant With a ‘Sexy Voice,’ Scores Golden Buzzer on ‘AGT’: Watch","https://www.billboard.com/culture/tv-film/isaac-atkins-army-sergeant-golden-buzzer-agt-watch-1236270212/","Lars Brandle","Culture; TV/Film","AGT; America’s Got Talent; bbnews; nbc","“What a voice. What a sexy voice you have,” Sofía Vergara remarked.","https://www.billboard.com/wp-content/uploads/2026/06/americas-got-talent-isaac-atkins-billboard-1800.jpg","isaac-atkins-army-sergeant-golden-buzzer-agt-watch","publish","2026-06-18T11:35:58-03:00","Billboard"
"1236274841","2026-06-16T23:36:23","2026-06-17T03:36:23","Carl Cox Awarded OBE In King’s Birthday List","https://www.billboard.com/pro/carl-cox-awarded-obe-kings-birthday-list/","Lars Brandle","Awards; Music","Awards; bbnews; genre dance; genre electronic","The pioneering British DJ and record producer is one of several music figures saluted by King Charles.","https://www.billboard.com/wp-content/uploads/2026/06/carl-cox-1800-2026.jpg","carl-cox-awarded-obe-kings-birthday-list","publish","2026-06-18T11:35:58-03:00","Billboard"
"1236274832","2026-06-16T22:39:04","2026-06-17T02:39:04","BMG Buys Publishing Catalog of The Living End’s Chris Cheney","https://www.billboard.com/pro/bmg-buys-publishing-catalog-the-living-end-chris-cheney/","Lars Brandle","Business; Publishing","bbnews; bmg; genre rock","The new deal is announced just days after the Australian rock trio was inducted into the ARIA Hall of Fame.","https://www.billboard.com/wp-content/uploads/2026/06/chris-cheney-aria-hall-of-fame-2026-1800-cr-vasili-papathanasopoulos.jpg","bmg-buys-publishing-catalog-the-living-end-chris-cheney","publish","2026-06-18T11:35:58-03:00","Billboard"
"1236274801","2026-06-16T20:49:15","2026-06-17T00:49:15","Morat lleva clásico de Los Bukis ‘Tu Cárcel’ al No. 1 de la lista Latin Airplay","https://www.billboard.com/espanol/noticias/morat-tu-carcel-no-1-latin-airplay-1236274801/","Sigal Ratner-Arias","Espanol; Noticias","Charts - Espanol; genre español; Noticias - Español","“El desafío era estar a la altura de la canción original. Me encanta que refleja mucho el sonido de Morat”, dice el productor Nico Cotton.","https://www.billboard.com/wp-content/uploads/2026/06/Morat-walter-kolm-billboard-1800.jpg","morat-tu-carcel-no-1-latin-airplay","publish","2026-06-18T11:35:58-03:00","Billboard"
"1236274751","2026-06-16T20:33:47","2026-06-17T00:33:47","Rod Wave Announces ‘Don’t Look Down’ Album Release Date: Watch the Mournful Trailer","https://www.billboard.com/music/rb-hip-hop/rod-wave-dont-look-down-album-release-date-trailer-1236274751/","Michael Saponara","Music; R&amp;B/Hip-Hop","genre hiphop; Music News","A single from the LP is coming soon, according to a press release.","https://www.billboard.com/wp-content/uploads/2026/06/rod-wave-dont-look-down-album-cover-billboard-1800.jpg","rod-wave-dont-look-down-album-release-date-trailer","publish","2026-06-18T11:35:58-03:00","Billboard"
"1236274787","2026-06-16T20:28:52","2026-06-17T00:28:52","Eminem Music Publisher Can Pursue $109 Million Meta Licensing Lawsuit, Judge Rules","https://www.billboard.com/pro/eminem-music-publisher-meta-licensing-lawsuit/","Rachel Scharf","Business; Legal News","lawsuit; Legal; Music News","A judge declined to dismiss litigation over more than 200 songs in the Facebook, Instagram and WhatsApp music libraries.","https://www.billboard.com/wp-content/uploads/2026/06/1439397290-e1781654221668.jpg","eminem-music-publisher-meta-licensing-lawsuit","publish","2026-06-18T11:35:58-03:00","Billboard"
"1236274743","2026-06-16T20:27:04","2026-06-17T00:27:04","Fivio Foreign Wants to Perform at the Knicks Championship Parade: ‘I Better Be Performing’","https://www.billboard.com/music/rb-hip-hop/fivio-foreign-perform-knicks-championship-parade-1236274743/","Angel Diaz","Music; R&amp;B/Hip-Hop","basketball; genre hiphop; Music News; nba; NBA Finals; sports","The Brooklyn rapper dedicated a song to the team’s historic comeback during Game 4 of the NBA Finals.","https://www.billboard.com/wp-content/uploads/2026/06/P115SW7Y.jpg","fivio-foreign-perform-knicks-championship-parade","publish","2026-06-18T11:35:58-03:00","Billboard"
"1236274742","2026-06-16T19:46:36","2026-06-16T23:46:36","Knicks Star Mikal Bridges Says He Will ‘Never Forget’ This Kendrick Lamar Album for Getting Him Through a Tough Time","https://www.billboard.com/music/rb-hip-hop/mikal-bridges-kendrick-lamar-mr-morale-the-big-steppers-1236274742/","Angel Diaz","Music; R&amp;B/Hip-Hop","basketball; genre hiphop; Music News; nba; NBA Finals; sports","The NBA champion gave fans a rare glimpse of his personality on Instagram Live and he didn’t disappoint.","https://www.billboard.com/wp-content/uploads/2026/06/mikal-bridges-nba-finals-2026-billboard-1800.jpg","mikal-bridges-kendrick-lamar-mr-morale-the-big-steppers","publish","2026-06-18T11:35:58-03:00","Billboard"
"1236274755","2026-06-16T19:03:58","2026-06-16T23:03:58","Morat Turns Los Bukis’ ’80s Classic ‘Tu Cárcel’ Into a Billboard Latin Airplay No. 1","https://www.billboard.com/music/chart-beat/morat-los-bukis-80s-tu-carcel-billboard-latin-airplay-no-1-1236274755/","Pamela Bustios","Chart Beat; Music","BBLatin; billboard latin; genre latin","“The challenge was to live up to the original song. I love that it reflects so much of Morat’s sound,” producer Nico Cotton tells Billboard .","https://www.billboard.com/wp-content/uploads/2026/06/Morat-walter-kolm-billboard-1800.jpg","morat-los-bukis-80s-tu-carcel-billboard-latin-airplay-no-1","publish","2026-06-18T11:35:58-03:00","Billboard"
"1236274566","2026-06-16T18:56:14","2026-06-16T22:56:14","Billy Jones Forever Foundation Launches In Honor of the Late New York Nightlife Fixture","https://www.billboard.com/pro/billy-jones-forever-foundation-help-music-professionals/","Katie Bain","Business; Business News","billboard green; Music News","Following Jones’ death last June, the Foundation will celebrate his life and legacy by supporting young people aspiring to work in music.","https://www.billboard.com/wp-content/uploads/2026/06/Billboard-Billy-Jones-2026.jpeg","billy-jones-forever-foundation-help-music-professionals","publish","2026-06-18T11:35:58-03:00","Billboard"
"1236274687","2026-06-16T18:36:00","2026-06-16T22:36:00","Mystikal Sentenced to 20 Years in Prison After Pleading Guilty to Rape Charge","https://www.billboard.com/pro/mystikal-sentencing-20-years-rape-prison/","Michael Saponara","Business; Legal News","genre hiphop; Legal; Music News","“If I did that to you, I deserve the max sentence,” the New Orleans rapper reportedly told the courtroom.","https://www.billboard.com/wp-content/uploads/2026/06/806453652-e1781644471574.jpg","mystikal-sentencing-20-years-rape-prison","publish","2026-06-18T11:35:58-03:00","Billboard"
"1236274747","2026-06-16T18:26:08","2026-06-16T22:26:08","‘The Rocky Horror Picture Show’ Coming to Las Vegas’ Sphere","https://www.billboard.com/business/touring/rocky-horror-picture-show-las-vegas-sphere-1236274747/","Chris Eggertsen","Business; Touring","A.I.; AI; Artificial Intelligence; Music News; Sphere; The Rocky Horror Picture Show","Sphere Entertainment will “enhance” the 1975 cult classic for the massive venue.","https://www.billboard.com/wp-content/uploads/2026/06/The-Rocky-Horror-Picture-Show-at-Sphere-courtesy-billboard-1800.png","rocky-horror-picture-show-las-vegas-sphere","publish","2026-06-18T11:35:58-03:00","Billboard"
"1236274704","2026-06-16T17:41:30","2026-06-16T21:41:30","Maluma, Jay Wheeler y más: ¿Quién es tu papá favorito de la música latina? ¡Vota!","https://www.billboard.com/espanol/cultura-entretenimiento/maluma-jay-wheeler-papa-favorito-encuesta-dia-del-padre-1236274704/","Jessica Roiz","Cultura y Entretenimiento; Espanol","Encuesta - Espanol; genre español","Para celebrar el Día del Padre, vota a continuación por tu artista favorito que es papá.","https://www.billboard.com/wp-content/uploads/2026/06/P106J5FQ-e1781643105262.jpg","maluma-jay-wheeler-papa-favorito-encuesta-dia-del-padre","publish","2026-06-18T11:35:58-03:00","Billboard"
"1236274701","2026-06-16T17:34:16","2026-06-16T21:34:16","Jelly Roll solicita el divorcio de Bunnie Xo tras casi 10 años de matrimonio","https://www.billboard.com/espanol/noticias/jelly-roll-solicita-el-divorcio-de-bunnie-xo-1236274701/","Jessica Lynch","Espanol; Noticias","genre español; Noticias - Español","La pareja se conoció en 2015 y se casó en una capilla en Las Vegas en agosto de 2016.","https://www.billboard.com/wp-content/uploads/2026/02/P103YOC1-e1769989353173.jpg","jelly-roll-solicita-el-divorcio-de-bunnie-xo","publish","2026-06-18T11:35:58-03:00","Billboard"
"1236274665","2026-06-16T17:34:08","2026-06-16T21:34:08","Maluma, Jay Wheeler & More: Who’s Your Favorite Latin Music Dad? Vote!","https://www.billboard.com/music/latin/fathers-day-poll-vote-maluma-jay-wheeler-j-balvin-camilo-1236274665/","Jessica Roiz","Latin; Music","genre latin; poll","In celebration of Father’s Day, vote for your favorite artist dad below.","https://www.billboard.com/wp-content/uploads/2026/06/P106J5FQ-e1781643105262.jpg","fathers-day-poll-vote-maluma-jay-wheeler-j-balvin-camilo","publish","2026-06-18T11:35:58-03:00","Billboard"
"1236274625","2026-06-16T17:16:22","2026-06-16T21:16:22","Five Burning Questions About Taylor Swift’s No. 1 Hot 100 Debut With ‘I Knew It, I Knew You’","https://www.billboard.com/music/pop/taylor-swift-i-knew-it-i-knew-you-five-burning-questions-1236274625/","Eric Renner Brown","Music; Pop","five burning questions; genre pop","The soundtrack single from ‘Toy Story 5’ becomes Swift’s first movie song to top the Hot 100.","https://www.billboard.com/wp-content/uploads/2026/06/P1071NY7-e1781254153103.jpg","taylor-swift-i-knew-it-i-knew-you-five-burning-questions","publish","2026-06-18T11:35:58-03:00","Billboard"
"1235730385","2026-06-16T17:11:26","2026-06-16T21:11:26","Ninja Slushi Deal: Here’s How to Make Yourself a Frozen Coffee Treat to Beat the Summer Heat","https://www.billboard.com/culture/product-recommendations/ninja-slushi-frozen-drink-maker-where-to-buy-online-1235730385/","Latifah Muhammad","Culture; Product Recommendations","culture; lifestyle; NOADS; Product Recommendations","No ice needed! Make slushies and other frozen drinks at home — save 15% online.","https://www.billboard.com/wp-content/uploads/2025/08/Ninja-Slushi-Frozen-Drink-Maker-Billboard-1548.jpg","ninja-slushi-frozen-drink-maker-where-to-buy-online","publish","2026-06-18T11:35:58-03:00","Billboard"
"1236274445","2026-06-16T16:35:23","2026-06-16T20:35:23","deadmau5 Is Expanding His Family in the Most Purr-ecious Way — by Adopting a New Cat He Helped","https://www.billboard.com/music/music-news/deadmau5-adopt-cat-donation-animal-shelter-1236274445/","Anna Chan","Music; Music News","Dance; genre dance; Music News; pets","This will make four feline friends in the music producer’s home.","https://www.billboard.com/wp-content/uploads/2026/06/deadmau5-october-2025-billboard-1800.jpg","deadmau5-adopt-cat-donation-animal-shelter","publish","2026-06-18T11:35:58-03:00","Billboard"
"1236274481","2026-06-16T16:34:20","2026-06-16T20:34:20","Inside 2026 World Cup: How Katy Perry, LISA, Anitta & More Pop Stars Turned the Soccer Field Into Their Stage","https://www.billboard.com/media/podcasts/2026-world-cup-opening-ceremony-inside-pop-shop-podcast-1236274481/","Katie Atkinson","Media; Podcasts","genre pop; Music News; pop shop; Pop Shop Podcast - New Every Tuesday; sports; world cup","On the new Billboard Pop Shop Podcast , Katie tells Keith all about her experience inside Los Angeles Stadium for the U.S. opening ceremony.","https://www.billboard.com/wp-content/uploads/2026/06/2281462146-e1781637584708.jpg","2026-world-cup-opening-ceremony-inside-pop-shop-podcast","publish","2026-06-18T11:35:58-03:00","Billboard"
"1236274621","2026-06-16T16:33:00","2026-06-16T20:33:00","Wyclef Jean Talks 2026 World Cup Performances, Upcoming 7-Album ‘Quantum Leap’ Series & Bringing Haitian Carnival to the World: ‘Feels Like We’re Chosen’","https://www.billboard.com/music/rb-hip-hop/wyclef-jean-talks-world-cup-performane-new-music-haiti-1236274621/","Kyle-Brandon Denis","Music; R&amp;B/Hip-Hop","genre hiphop; music; world cup","The Grammy winner also reveals his favorite soccer player of all time.","https://www.billboard.com/wp-content/uploads/2026/06/wyclef-jean-2026-press-connectivity-cr-Tiffany-Nolasco-billboard-1800.jpg","wyclef-jean-talks-world-cup-performane-new-music-haiti","publish","2026-06-18T11:35:58-03:00","Billboard"
"1236274567","2026-06-16T16:21:45","2026-06-16T20:21:45","Malcolm Todd’s ‘Do That Again’ Debuts in Top 10 of 7 Billboard Charts","https://www.billboard.com/pro/malcolm-todd-do-that-again-debuts-top-10-7-billboard-charts/","Kevin Rutherford","Chart Beat; Music","Chart Beat; genre rock; Music News","The new album’s start is punctuated by a No. 5 bow on the Billboard 200.","https://www.billboard.com/wp-content/uploads/2026/06/malcolm-todd-2026-press-columbia-cr-aidan-cullen-billboard-1800.jpg","malcolm-todd-do-that-again-debuts-top-10-7-billboard-charts","publish","2026-06-18T11:35:58-03:00","Billboard"
"1236274427","2026-06-16T15:46:10","2026-06-16T19:46:10","‘The Valley’ Star Michelle Saniei Confirms She’s Dating Dr. Dre: ‘We Love Being in Each Other’s Company’ ","https://www.billboard.com/music/rb-hip-hop/the-valley-michelle-saniei-dating-dr-dre-1236274427/","Michael Saponara","Music; R&amp;B/Hip-Hop","genre hiphop; Music News; nsfs","The couple was spotted holding hands in Malibu in April.","https://www.billboard.com/wp-content/uploads/2026/06/2219411811-e1781635106170.jpg","the-valley-michelle-saniei-dating-dr-dre","publish","2026-06-18T11:35:58-03:00","Billboard"
"1236274460","2026-06-16T15:35:35","2026-06-16T19:35:35","YouTube AI Lawsuit, Lionel Richie Trademark, Diddy Case Ruling & More Top Music Law News","https://www.billboard.com/pro/youtube-ai-lawsuit-lionel-richie-trademark-music-law-news/","Bill Donahue","Business; Legal News","A.I.; AI; Artificial Intelligence; Copyright; deepfakes; genre hiphop; genre rap; lawsuit; Legal; Legal Beat; Legal News; The Legal Beat; trademarks; youtube","In this week’s Legal Beat newsletter, YouTube makes a surprising argument, Lionel Richie protects his voice, Diddy wins another civil case and much more.","https://www.billboard.com/wp-content/uploads/2026/06/2246142259-e1781042053176.jpg","youtube-ai-lawsuit-lionel-richie-trademark-music-law-news","publish","2026-06-18T11:35:58-03:00","Billboard"
"1236273926","2026-06-16T15:30:00","2026-06-16T19:30:00","Lola Young, Roger Daltrey & FLO Lead Winners at 2026 ASCAP London Awards","https://www.billboard.com/pro/ascap-london-winners-2026-lola-young-roger-daltrey/","Thomas Smith","Awards; Music","Awards; Billboard UK","Figures from music, film and TV were recognized at the London ceremony on Tuesday (June 16).","https://www.billboard.com/wp-content/uploads/2026/06/P104S6CE-e1781614380823.jpg","ascap-london-winners-2026-lola-young-roger-daltrey","publish","2026-06-18T11:35:58-03:00","Billboard"
"1236274421","2026-06-16T14:47:59","2026-06-16T18:47:59","Jennifer Lopez reflexiona sobre su vida y crecimiento tras divorcio de Ben Affleck: ‘Tienes que  aclarar tus ideas de una pu– vez’","https://www.billboard.com/espanol/noticias/jennifer-lopez-reflexiona-vida-tras-divorcio-ben-affleck-1236274421/","Sigal Ratner-Arias","Espanol; Noticias","genre español; Noticias - Español","La cantante dijo que su separación de 2024 le hizo darse cuenta de que no había “nadie a quien culpar” más que a ella misma.","https://www.billboard.com/wp-content/uploads/2026/06/P115TCSM-e1781625990379.jpg","jennifer-lopez-reflexiona-vida-tras-divorcio-ben-affleck","publish","2026-06-18T11:35:58-03:00","Billboard"
"1236274213","2026-06-16T14:40:06","2026-06-16T18:40:06","Riley Green & Blake Pendergrass Take Early Honors Ahead of Nashville Songwriter Awards","https://www.billboard.com/music/awards/riley-green-blake-pendergrass-win-nashville-songwriter-awards-1236274213/","Jessica Nicholson","Awards; Music","Awards; genre country","The ninth annual Nashville Songwriter Awards will be held in September.","https://www.billboard.com/wp-content/uploads/2026/06/nsai-songwriter-of-the-year-2026-billboard-1800.jpg","riley-green-blake-pendergrass-win-nashville-songwriter-awards","publish","2026-06-18T11:35:58-03:00","Billboard"
"1236274400","2026-06-16T14:26:40","2026-06-16T18:26:40","Alcalde Zohran Mamdani parece confirmar fecha de boda de Taylor Swift y Travis Kelce en NY","https://www.billboard.com/espanol/noticias/taylor-swift-travis-kelce-alcalde-parece-confirmar-fecha-boda-1236274400/","Sigal Ratner-Arias","Espanol; Noticias","genre español; Noticias - Español","“Estamos acostumbrados a los grandes eventos”, bromeó el político en una rueda de prensa.","https://www.billboard.com/wp-content/uploads/2026/06/2279470769-e1781623406988.jpg","taylor-swift-travis-kelce-alcalde-parece-confirmar-fecha-boda","publish","2026-06-18T11:35:58-03:00","Billboard"
"1236274314","2026-06-16T14:18:02","2026-06-16T18:18:02","CBS Signs Deal to Avoid Legal Trouble From Stephen Colbert Playing Copyrighted ‘Peanuts’ Song","https://www.billboard.com/pro/cbs-deal-avoid-legal-trouble-stephen-colbert-peanuts-song/","Bill Donahue","Business; Legal News","comedy; Copyright; late night; lawsuit; Legal News; Music News","The departing Late Night host jokingly hoped playing a Charlie Brown song wouldn’t “cost CBS any money!” It apparently did.","https://www.billboard.com/wp-content/uploads/2026/05/Stephen-colbert-late-show-peanuts-CBS-billboad-1800.jpg","cbs-deal-avoid-legal-trouble-stephen-colbert-peanuts-song","publish","2026-06-18T11:35:58-03:00","Billboard"
"1236262170","2026-06-16T14:00:00","2026-06-16T18:00:00","How a Grammy Rule Change Gave 5 Artists Another Chance at a 2027 Best New Artist Nomination — UPDATE","https://www.billboard.com/music/awards/grammys-best-new-artist-nomination-2027-not-eligible-1236262170/","Paul Grein","Awards; Music","Awards; Best new artist; grammy awards; Grammys","They would have been ineligible under the old rules.","https://www.billboard.com/wp-content/uploads/2026/06/P103X8K2-e1780451783915.jpg","grammys-best-new-artist-nomination-2027-not-eligible","publish","2026-06-18T11:35:58-03:00","Billboard"
"1236273274","2026-06-16T13:42:25","2026-06-16T17:42:25","Meet the Ballerina Behind Olivia Rodrigo’s ‘Stupid Song’ Music Video: ‘She Was Just Down for Anything’","https://www.billboard.com/music/pop/olivia-rodrigo-stupid-song-tiler-peck-video-ballerina-1236273274/","Rebecca Milzoff","Music; Pop","bbnews; Billboard; billboard news; Dance; Music News; News; Pop","New York City Ballet’s Tiler Peck choreographed and danced in the video — and gave Rodrigo some good ballet gossip, too.","https://www.billboard.com/wp-content/uploads/2026/06/Olivia-Rodrigo-ballerinas-1800-billboard.jpg","olivia-rodrigo-stupid-song-tiler-peck-video-ballerina","publish","2026-06-18T11:35:58-03:00","Billboard"
"1236274028","2026-06-16T13:30:20","2026-06-16T17:30:20","Is Tyler, The Creator Making a Jazz Album for His Next Era? Here’s What He Said About Speculation","https://www.billboard.com/music/rb-hip-hop/tyler-the-creator-reacts-jazz-album-speculation-1236274028/","Michael Saponara","Music; R&amp;B/Hip-Hop","genre hiphop; Music News","Don’t tap the gas.","https://www.billboard.com/wp-content/uploads/2026/06/2264284221-e1781621760878.jpg","tyler-the-creator-reacts-jazz-album-speculation","publish","2026-06-18T11:35:58-03:00","Billboard"
"1236274135","2026-06-16T13:14:38","2026-06-16T17:14:38","Watch Drake Take a Shot at NBA Star Anthony Edwards in Hilarious Ad for Kevin Durant’s New Sneakers","https://www.billboard.com/music/rb-hip-hop/drake-anthony-edwards-kevin-durant-nike-sneakers-ad-1236274135/","Michael Saponara","Music; R&amp;B/Hip-Hop","genre hiphop; Music News","The ICEMAN is a “Yes Man.”","https://www.billboard.com/wp-content/uploads/2026/06/140289933-e1781626462368.jpg","drake-anthony-edwards-kevin-durant-nike-sneakers-ad","publish","2026-06-18T11:35:58-03:00","Billboard"
"1236274133","2026-06-16T12:48:19","2026-06-16T16:48:19","Jennifer Lopez Says She Took a Good, Hard Look at Her Life After Ben Affleck Divorce and Said, ‘You Need to F–king Figure Yourself Out’","https://www.billboard.com/music/music-news/jennifer-lopez-affleck-divorce-figure-yourself-out-smartless-1236274133/","Gil Kaufman","Music; Music News","genre pop; Music News","The singer said the couple’s 2024 split mad her realize there was “nobody to blame except yourself.”","https://www.billboard.com/wp-content/uploads/2026/06/P115TCSM-e1781625990379.jpg","jennifer-lopez-affleck-divorce-figure-yourself-out-smartless","publish","2026-06-18T11:35:58-03:00","Billboard"
"1236274078","2026-06-16T12:02:40","2026-06-16T16:02:40","Mayor Zohran Mamdani Seemingly Confirms Date of Taylor Swift & Travis Kelce’s NYC Wedding","https://www.billboard.com/music/music-news/taylor-swift-travis-kelce-wedding-mayor-mamdani-date-1236274078/","Hannah Dailey","Music; Music News","genre pop; lifestyle; Music News","“We are used to big events,” the politician teased in a city press conference.","https://www.billboard.com/wp-content/uploads/2026/06/2279470769-e1781623406988.jpg","taylor-swift-travis-kelce-wedding-mayor-mamdani-date","publish","2026-06-18T11:35:58-03:00","Billboard"
"1236273268","2026-06-16T12:00:00","2026-06-16T16:00:00","Gregg Allman on Rivalry with Brother Duane: ‘I Spent My Life Trying to Impress Him’","https://www.billboard.com/music/rock/gregg-allman-rivalry-with-brother-new-doc-music-of-my-soul-1236273268/","Melinda Newman","Music; Rock","genre rock","Gregg Allman is the subject of a new documentary, Gregg Allman: The Music of My Soul.","https://www.billboard.com/wp-content/uploads/2026/06/471163316-e1781549898355.jpg","gregg-allman-rivalry-with-brother-new-doc-music-of-my-soul","publish","2026-06-18T11:35:58-03:00","Billboard"
"1236273598","2026-06-16T12:00:00","2026-06-16T16:00:00","Historic Hip-Hop/R&B Label Uptown Records Relaunches, Danielle Price Sanders Named President","https://www.billboard.com/pro/uptown-records-relaunches-g-herbo-yung-miami-trap-dickey/","Chris Eggertsen","Business; Record Labels","Executive Turntable; genre hiphop; genre rb; Music News","The label, founded by the late Andre Harrell in 1986, will operate under the REPUBLIC Collective umbrella with a roster including G Herbo and Yung Miami.","https://www.billboard.com/wp-content/uploads/2026/06/uptown-records-logo-2026-billboard-1800.jpg","uptown-records-relaunches-g-herbo-yung-miami-trap-dickey","publish","2026-06-18T11:35:58-03:00","Billboard"
"1236273916","2026-06-16T11:54:34","2026-06-16T15:54:34","Sergio Mendes Band mantiene vivo legado del maestro con gira por 60 aniversario de Brasil ’66","https://www.billboard.com/espanol/musica/sergio-mendes-band-gira-eeuu-60-aniversario-brasil-66-1236273916/","Isabela Raygoza","Espanol; Música","genre español; Giras - Español","Liderada por su viuda y socia musical de toda la vida, Gracinha Leporace, la gira estadounidense hizo parada en Nueva Jersey el domingo.","https://www.billboard.com/wp-content/uploads/2026/06/sergio-mendes-band-press-2026-cr-sebastian-volz.jpg","sergio-mendes-band-gira-eeuu-60-aniversario-brasil-66","publish","2026-06-18T11:35:58-03:00","Billboard"
"1236274057","2026-06-16T11:41:57","2026-06-16T15:41:57","Kierra Sheard to Receive BMI Impact Award at 2026 BMI Trailblazers of Gospel Music Awards","https://www.billboard.com/pro/kierra-sheard-2026-bmi-trailblazers-of-gospel-music-awards/","Paul Grein","Awards; Music","Awards; bmi; gospel music; music publishing","The ceremony will be held at BMI’s Nashville office on July 21.","https://www.billboard.com/wp-content/uploads/2026/06/1478240685-e1781622357571.jpg","kierra-sheard-2026-bmi-trailblazers-of-gospel-music-awards","publish","2026-06-18T11:35:58-03:00","Billboard"
